שם,מחלקה,שכר שנתי,ימי חופשה,ציון ביצועים,השכלה,מגדר,גיל,מיקום,סוג משרה,ותק בחברה,שביעות רצון
אור סלאמה,פיננסים,185651,37,3.08,ללא תואר,זכר,65,באר שבע,מלאה,3,2
יהונתן שטיין,מכירות,133090,35,1.05,תואר ראשון,זכר,54,חיפה,פרילנס,3.9,1
רז בן שבת,תפעול,215493,22,3.55,ללא תואר,זכר,33,חיפה,חוזה,14.5,3
רואי דניאל,ניהול,230060,39,4.44,תואר שני,זכר,59,ירושלים,חוזה,10.1,10
מאיה אריאל לוי,שיווק,148927,21,2.59,תואר שני,זכר,37,אשדוד,פרילנס,7.1,5
תהילה מסארוה-אביב,תפעול,217314,38,4.88,ללא תואר,נקבה,28,תל אביב,פרילנס,9.2,10
אימרי איתן נחום,ניהול,157381,23,2.68,תואר ראשון,נקבה,35,ירושלים,חלקית,7.2,2
אור כרמי,פיננסים,102691,15,4.6,ללא תואר,זכר,30,רמת גן,חוזה,1.8,5
יהונתן כהן,שירות לקוחות,229269,12,1.21,הנדסאי,נקבה,37,חיפה,חלקית,1.2,2
גל אבישג שמיר,ניהול,180578,13,2.73,תואר שני,נקבה,44,ירושלים,חלקית,11,5
נועה עאסלה,ניהול,183634,15,3.57,הנדסאי,נקבה,63,נתניה,מלאה,8,2
אופיר לוי-שלום,שיווק,167985,34,4.03,תואר שני,נקבה,25,חיפה,פרילנס,3.8,5
אביאל גואטה,שיווק,96132,34,1.48,ללא תואר,זכר,62,רמת גן,חלקית,14.8,10
אלמה דהרי,שיווק,222165,13,4.11,ללא תואר,זכר,25,ירושלים,פרילנס,11.7,9
ידידיה שבתאי,משאבי אנוש,188960,40,3.49,תואר ראשון,זכר,24,ירושלים,פרילנס,11.6,10
גיטל יעקובי,ניהול,212404,30,1.39,הנדסאי,נקבה,22,תל אביב,מלאה,8.5,3
אליאס פרץ,תפעול,134826,25,2.88,ללא תואר,נקבה,59,תל אביב,פרילנס,8.4,10
אליהו נועם גולדשטיין,שירות לקוחות,109809,17,2.68,תואר שני,זכר,63,נתניה,מלאה,2.9,5
נהוראי דבש,שירות לקוחות,121792,12,4.22,הנדסאי,זכר,63,רמת גן,פרילנס,11.4,9
שאם סבח,שיווק,140981,34,4.84,ללא תואר,זכר,23,חיפה,חלקית,13.7,3
הודיה לוי,פיננסים,123177,12,4.22,תואר שני,נקבה,39,תל אביב,חלקית,2.9,10
איתמר קורן,שיווק,214741,30,3,תואר ראשון,נקבה,59,באר שבע,מלאה,9.4,8
אורי חלבי,ניהול,183958,32,4.1,תואר שני,נקבה,51,פתח תקווה,חוזה,12.1,2
אליהו רז,ניהול,167658,12,1.91,תואר שני,זכר,34,אשדוד,חלקית,1.9,7
אהרון ביטון,שירות לקוחות,155472,33,4.02,ללא תואר,זכר,46,תל אביב,מלאה,13.4,4
אברהם רז,תפעול,139528,22,4.08,תואר ראשון,זכר,53,תל אביב,חוזה,1.9,10
ליבי אליאס,ניהול,204265,23,1.7,תואר שני,זכר,54,תל אביב,מלאה,2.7,10
נטע יוסף,שיווק,234018,13,2.67,תואר ראשון,נקבה,52,אשדוד,פרילנס,14.3,4
רותם אלבז,שירות לקוחות,122876,29,3.6,ללא תואר,נקבה,63,נתניה,חלקית,11.5,7
דניאל ששון,שירות לקוחות,213252,10,3.38,ללא תואר,נקבה,49,רמת גן,מלאה,0.9,4
הודיה כהן,פיתוח,123474,23,1.34,תואר ראשון,נקבה,46,אשדוד,חוזה,7,5
נויה הראל,תפעול,107827,15,4.28,ללא תואר,נקבה,65,חיפה,מלאה,11.1,1
טל ניסן,פיתוח,94563,29,2.72,הנדסאי,זכר,55,ירושלים,חלקית,8.7,9
דוד מושקוביץ,פיננסים,134868,24,4.39,תואר שני,נקבה,57,אשדוד,חוזה,11.4,2
ליאל אוחיון,תפעול,221539,32,3.6,תואר שני,זכר,41,נתניה,פרילנס,7.8,10
מג'ד חיים,ניהול,158200,14,3.97,תואר שני,זכר,57,פתח תקווה,חלקית,2.9,9
ישראל שפירא,פיננסים,178888,11,2.96,תואר ראשון,זכר,26,נתניה,חלקית,2.4,3
אסיל חסן,שיווק,191637,17,3.17,הנדסאי,נקבה,24,ירושלים,מלאה,8.8,10
איילה סלע,מכירות,241612,30,2.91,הנדסאי,זכר,51,אשדוד,חוזה,12.6,1
אריאל דוד,מכירות,152950,23,3.11,הנדסאי,נקבה,56,פתח תקווה,פרילנס,13,9
נדב הדר,תפעול,111924,30,3.16,תואר שני,נקבה,26,תל אביב,חלקית,12,7
איתי מחאמיד,מכירות,167960,25,2.07,תואר שני,זכר,62,תל אביב,חלקית,8.1,4
ירדן כהן,שיווק,232284,14,3.53,ללא תואר,זכר,62,פתח תקווה,חלקית,2.2,10
אושרי אטרש,משאבי אנוש,240833,37,2.33,תואר שני,נקבה,60,רמת גן,פרילנס,7.6,1
איתי אוחיון,שיווק,115402,15,4.33,תואר שני,נקבה,64,ירושלים,חוזה,8.7,4
שליו מזרחי,שירות לקוחות,111792,36,4.23,הנדסאי,נקבה,35,נתניה,חלקית,7.2,3
אברהם גרינברג-וייס,פיתוח,209392,33,4.47,ללא תואר,נקבה,49,תל אביב,מלאה,9.1,6
שירה קרן,מכירות,117854,25,2.47,ללא תואר,זכר,34,אשדוד,מלאה,9,9
אלין סעדי,מכירות,235545,26,3.57,תואר ראשון,נקבה,55,באר שבע,חלקית,14.3,1
דוד שחר,שירות לקוחות,209205,31,3.87,הנדסאי,זכר,53,רמת גן,מלאה,12.5,6
איילת מסארוה,שיווק,136028,40,3.7,ללא תואר,זכר,52,תל אביב,פרילנס,4.3,4
סופיה קפלן,פיננסים,106624,10,4.35,ללא תואר,זכר,60,תל אביב,חוזה,1.2,9
איתי שוקרון,שירות לקוחות,178313,21,1.18,הנדסאי,זכר,45,רמת גן,מלאה,9,9
אורי מרעי,משאבי אנוש,90409,13,3.41,תואר ראשון,נקבה,28,תל אביב,חלקית,8.2,3
אהרון אלימלך,ניהול,218910,36,1.66,הנדסאי,זכר,40,ירושלים,פרילנס,0.7,8
אפרת ח'לאילה,ניהול,92410,20,4.79,תואר שני,נקבה,58,באר שבע,מלאה,8.3,10
מלכה בלום-יפרח,ניהול,209980,10,3.4,ללא תואר,נקבה,54,פתח תקווה,פרילנס,8.9,8
ג'נא אלמלח,ניהול,182128,28,2.28,ללא תואר,זכר,37,תל אביב,חוזה,5.8,3
נויה לוי,ניהול,92330,23,1.98,תואר ראשון,זכר,47,אשדוד,מלאה,6.1,1
נדב פרידמן,משאבי אנוש,228411,33,4.09,הנדסאי,נקבה,26,אשדוד,חוזה,14.7,7
עמית זילברמן,משאבי אנוש,195346,24,3.71,תואר ראשון,זכר,49,תל אביב,חוזה,12.3,7
תאיר שדה,פיננסים,153381,25,3.4,הנדסאי,זכר,44,תל אביב,חלקית,10.2,6
מוחמד פחימה,ניהול,168938,27,2.84,ללא תואר,זכר,24,נתניה,פרילנס,11.5,8
נועה גליק,תפעול,212075,30,4.63,תואר שני,זכר,49,רמת גן,מלאה,10.6,3
ליאן מויאל,מכירות,149333,17,4.77,הנדסאי,נקבה,60,רמת גן,מלאה,2.6,3
עבד אבו טיר,תפעול,218618,12,1.61,ללא תואר,נקבה,23,פתח תקווה,חוזה,7,8
אדם מחאמיד,ניהול,171187,20,1.49,תואר ראשון,נקבה,51,חיפה,מלאה,3.6,6
איילה מסארווה,ניהול,174005,32,1.72,תואר שני,זכר,32,נתניה,חלקית,10.3,10
שאם אבו סנינה,מכירות,118906,39,1.03,תואר שני,זכר,36,ירושלים,פרילנס,9.2,2
רחל מזרחי,פיתוח,113819,29,1.09,תואר ראשון,נקבה,65,תל אביב,מלאה,6,1
מוריה מדר,שיווק,126024,16,2.7,תואר ראשון,נקבה,27,נתניה,מלאה,7.2,2
עדן דוד,מכירות,117026,18,4.02,ללא תואר,נקבה,48,רמת גן,פרילנס,7.1,5
ידידיה יפרח,ניהול,202696,23,3.34,תואר שני,נקבה,27,אשדוד,פרילנס,4.4,10
איתמר רום חדאד,תפעול,242768,19,3.52,תואר ראשון,זכר,47,חיפה,חלקית,7.1,2
אייל ותד,תפעול,236211,12,1.25,הנדסאי,נקבה,28,אשדוד,חוזה,5.8,2
אדל פרי,שיווק,186011,33,1.04,הנדסאי,זכר,25,תל אביב,חוזה,9.1,8
אור רגב,ניהול,213451,15,2.43,תואר ראשון,נקבה,62,אשדוד,מלאה,9.8,2
שירה קליין,מכירות,234426,35,1.56,ללא תואר,נקבה,64,רמת גן,חוזה,2.8,10
מיכאל נאור,פיתוח,217892,23,3.43,הנדסאי,נקבה,25,חיפה,חלקית,15,3
דניאל קדוש,ניהול,107500,28,4.89,תואר ראשון,זכר,33,פתח תקווה,פרילנס,5.1,9
חיה יצחקי,מכירות,165993,22,2.56,הנדסאי,זכר,24,נתניה,חוזה,7.4,7
איתן אהרוני,מכירות,146489,11,2.31,תואר ראשון,זכר,60,תל אביב,פרילנס,1.4,4
ליאן סופר,משאבי אנוש,242563,18,2.19,הנדסאי,זכר,22,רמת גן,חלקית,4.3,5
עומר אבו סנינה,משאבי אנוש,178235,40,2.87,תואר שני,נקבה,51,רמת גן,חלקית,12.3,10
שילה מרגלית,מכירות,142948,17,2.63,הנדסאי,נקבה,50,באר שבע,חלקית,1.3,3
שאם אלמלח,תפעול,178847,27,3.33,תואר ראשון,נקבה,45,תל אביב,חלקית,3.2,6
שרה חזן,ניהול,146454,23,1.54,תואר שני,זכר,52,רמת גן,חוזה,10.7,1
מרדכי בן יוסף-אלבז,ניהול,168125,34,4.3,ללא תואר,נקבה,46,פתח תקווה,חלקית,4.9,7
מרים יעקב,פיתוח,206602,14,4.12,הנדסאי,זכר,41,רמת גן,מלאה,1.3,3
אליאן מנסור,שירות לקוחות,157078,20,2.29,תואר ראשון,זכר,33,אשדוד,פרילנס,7.8,5
אלרועי גורן,משאבי אנוש,161804,37,2.78,תואר שני,נקבה,50,אשדוד,פרילנס,13.7,5
רפאל יחיא,פיתוח,198626,20,4.3,תואר שני,זכר,58,רמת גן,חוזה,4.4,7
דן שמעון כהן,פיננסים,140847,29,1.01,ללא תואר,זכר,47,תל אביב,פרילנס,4.4,3
עדינה רביבו,פיתוח,205146,14,1.16,הנדסאי,נקבה,43,תל אביב,חלקית,12.6,10
גזל חסון,תפעול,225738,29,2.44,הנדסאי,נקבה,31,רמת גן,פרילנס,11.5,9
אגם גרוסמן,שירות לקוחות,205655,29,1.65,תואר שני,נקבה,41,תל אביב,חלקית,5.9,6
יצחק קליין,פיננסים,149346,33,3.67,ללא תואר,זכר,50,חיפה,מלאה,13.7,2
אביטל סבג,פיתוח,158178,14,2.89,ללא תואר,זכר,60,ירושלים,חוזה,14,1
דן זמיר,משאבי אנוש,124537,13,3.84,תואר ראשון,זכר,52,ירושלים,פרילנס,4.3,7
אבישג אוחיון,מכירות,221446,13,2.84,הנדסאי,זכר,41,ירושלים,מלאה,8,7
אביאל קליין,פיננסים,166604,24,1.09,תואר שני,נקבה,60,ירושלים,מלאה,4.8,7
תמר דוד,פיננסים,204057,33,1.92,ללא תואר,זכר,62,חיפה,חוזה,7.9,8
אלונה פרץ,מכירות,173553,16,3.22,תואר ראשון,נקבה,43,רמת גן,פרילנס,6.6,3
יסמין אלקובי,פיתוח,138299,18,3.17,ללא תואר,נקבה,22,רמת גן,חלקית,7.4,6
תמר גרוסמן,פיתוח,209528,25,4.14,ללא תואר,זכר,25,חיפה,חלקית,11.4,1
שחר גולאני,שיווק,240346,14,4.75,הנדסאי,זכר,58,אשדוד,חלקית,4.1,4
עופרי סלמאן,פיננסים,126858,13,4.35,הנדסאי,זכר,22,באר שבע,פרילנס,8.8,4
אופק ותד,פיננסים,190083,24,1.67,תואר ראשון,זכר,36,אשדוד,מלאה,14.2,5
אביגיל צור,משאבי אנוש,184034,27,2.03,תואר שני,זכר,46,תל אביב,חלקית,2.7,6
לורן עבאס,שירות לקוחות,249279,29,2.9,ללא תואר,זכר,49,ירושלים,חלקית,4.4,8
לאה וקנין,פיננסים,133006,19,4.68,תואר ראשון,נקבה,47,חיפה,מלאה,8.3,9
חיה רוזן,פיתוח,236630,10,1.63,הנדסאי,נקבה,44,רמת גן,מלאה,10.7,8
גיטל ליברמן,פיתוח,149880,24,2.75,תואר ראשון,נקבה,39,פתח תקווה,מלאה,13.6,10
ליבא וייס,תפעול,121907,11,3.55,הנדסאי,זכר,45,אשדוד,מלאה,5.2,7
שאם גרוס,שיווק,94550,28,2.49,תואר ראשון,זכר,51,רמת גן,מלאה,7.1,3
עומר שמעוני,משאבי אנוש,182527,25,2.2,תואר ראשון,נקבה,32,פתח תקווה,מלאה,6.1,1
יוסף אליהו,פיננסים,230816,23,4.37,ללא תואר,זכר,26,פתח תקווה,מלאה,2.6,4
לינוי אמסלם,משאבי אנוש,185630,36,1.76,ללא תואר,נקבה,24,רמת גן,מלאה,12,4
מנחם פרידמן,שיווק,102021,22,2.7,הנדסאי,נקבה,59,ירושלים,חלקית,10.5,3
קדם יעקב,שיווק,212949,20,3.79,תואר ראשון,זכר,24,באר שבע,חוזה,10.7,8
מרים מרים חדד,שיווק,186106,34,1.41,תואר ראשון,נקבה,28,תל אביב,חלקית,1.6,3
ארבל אברהם,תפעול,211181,39,4.17,ללא תואר,נקבה,37,ירושלים,חוזה,10.6,3
רום מוזס,משאבי אנוש,195323,21,2.28,תואר שני,נקבה,41,נתניה,מלאה,2.9,6
יסמין שאול,מכירות,100411,26,4.18,תואר ראשון,זכר,58,נתניה,פרילנס,9.3,8
יהונתן טל,מכירות,242990,37,4.81,תואר ראשון,זכר,29,תל אביב,מלאה,10.3,7
שני נגר,פיתוח,132912,13,1.93,ללא תואר,זכר,65,אשדוד,מלאה,5,9
אביאל בן חמו,ניהול,95252,30,3.06,תואר שני,זכר,41,אשדוד,פרילנס,1.4,5
איתמר רחמים,מכירות,161717,15,3.1,תואר שני,זכר,65,פתח תקווה,חלקית,4.1,3
ליאל גולדשטיין,משאבי אנוש,139276,11,3.95,הנדסאי,נקבה,31,חיפה,מלאה,5.8,1
נגה להב,פיתוח,147920,19,3.79,תואר שני,נקבה,60,פתח תקווה,מלאה,6.3,8
אופק חביבאללה,פיתוח,204248,20,2.43,הנדסאי,זכר,35,תל אביב,מלאה,12.6,3
ינאי עאסלה,מכירות,128563,37,1.01,תואר שני,נקבה,63,פתח תקווה,חוזה,5,6
ח'אלד אוחיון,תפעול,237718,12,4.83,תואר ראשון,זכר,24,באר שבע,חוזה,8.9,10
מאיה דיין,שירות לקוחות,199716,23,2.38,ללא תואר,נקבה,27,באר שבע,חוזה,9.9,1
יהושע דנינו,פיננסים,210347,12,1.26,הנדסאי,זכר,54,ירושלים,מלאה,4.6,4
לביא יוסופוב,פיננסים,172167,10,3.62,תואר שני,זכר,41,באר שבע,חוזה,6.6,5
נעמי ברדה,פיננסים,213219,21,3.61,הנדסאי,נקבה,61,אשדוד,מלאה,13.9,8
עלמה גולדשטיין,פיתוח,113213,35,2.72,הנדסאי,נקבה,42,אשדוד,פרילנס,10.9,10
בנימין נתשה-לוי,שירות לקוחות,149737,25,2.66,הנדסאי,זכר,59,נתניה,פרילנס,1.1,4
ליאו פרידמן,שירות לקוחות,176318,10,2.17,תואר ראשון,זכר,33,ירושלים,פרילנס,1.5,3
אדם פדידה,פיתוח,179781,25,2.08,תואר שני,נקבה,53,פתח תקווה,מלאה,12.8,2
אלחנן אלבז,שירות לקוחות,112093,39,1.55,הנדסאי,נקבה,59,תל אביב,חוזה,9.6,10
נוה אברמוב,ניהול,153617,20,2.61,ללא תואר,נקבה,41,תל אביב,חוזה,1.6,5
ליאל שמש,שיווק,137673,34,1.79,תואר שני,זכר,46,רמת גן,פרילנס,13.2,1
דניאל יצחק שאהין,תפעול,160597,15,2.81,תואר שני,נקבה,61,נתניה,חלקית,1.9,8
רחל בן שושן,פיתוח,104649,12,4.59,ללא תואר,נקבה,31,באר שבע,חלקית,2.7,7
גל מחמוד,תפעול,184629,13,1.42,תואר ראשון,נקבה,33,תל אביב,פרילנס,9.1,4
ניצן דוידוב,פיתוח,165565,12,1.79,תואר ראשון,נקבה,23,נתניה,חוזה,10.7,3
רומי יאסין,תפעול,220043,21,1.97,תואר ראשון,נקבה,55,באר שבע,חוזה,14.8,1
עמליה חיון,משאבי אנוש,185427,37,2.57,תואר שני,זכר,22,נתניה,חלקית,4,10
הדס סלומון,פיננסים,152620,27,4.59,תואר ראשון,נקבה,48,פתח תקווה,פרילנס,3.7,10
צביה מועלם,שיווק,116134,17,1.42,תואר שני,נקבה,46,תל אביב,פרילנס,9.8,10
זיו רחל אטרש,מכירות,193449,18,4.54,תואר ראשון,נקבה,58,ירושלים,מלאה,1.5,8
אריאל אשר,מכירות,96410,28,2.04,הנדסאי,זכר,60,באר שבע,מלאה,11.6,3
סולימאן עאזם,תפעול,156002,24,4.52,הנדסאי,זכר,25,באר שבע,פרילנס,14,7
עלי מרקוביץ,מכירות,186632,19,2.02,הנדסאי,נקבה,60,אשדוד,מלאה,1.8,8
יובל אלבז,מכירות,217505,10,2.81,הנדסאי,נקבה,64,תל אביב,מלאה,2.2,8
פאטמה כהן,שירות לקוחות,173820,19,4.25,ללא תואר,זכר,36,נתניה,חוזה,7.4,9
מרים קרמר,פיתוח,99187,31,4.89,תואר שני,זכר,22,תל אביב,פרילנס,1.2,7
אדל אדלר,ניהול,92988,12,2.59,תואר שני,זכר,39,נתניה,חלקית,11.6,9
שירה ראובן,משאבי אנוש,155396,36,3.02,תואר שני,זכר,64,ירושלים,חלקית,9.3,2
ענבר חטיב,ניהול,102866,27,3.27,הנדסאי,זכר,60,נתניה,חוזה,9.1,5
חנה פלדמן,משאבי אנוש,111612,25,2.7,תואר שני,זכר,29,תל אביב,חוזה,8.5,1
תאלין סבג,משאבי אנוש,99679,12,3.47,תואר ראשון,זכר,30,תל אביב,מלאה,10.3,2
שרה כהן,ניהול,223123,27,4.15,ללא תואר,נקבה,33,חיפה,פרילנס,1,6
גל דהרי,שירות לקוחות,176936,16,2.79,הנדסאי,נקבה,36,באר שבע,פרילנס,14,4
אלון זהר,פיתוח,185827,21,2.32,ללא תואר,זכר,35,רמת גן,חוזה,5.4,3
יהלי ווקנין,מכירות,128923,23,1.72,הנדסאי,נקבה,51,פתח תקווה,חוזה,6,6
שילה ששון,פיתוח,92623,28,3.22,תואר ראשון,זכר,29,רמת גן,מלאה,8.3,2
עמליה מימון,ניהול,160093,31,2.82,הנדסאי,זכר,50,באר שבע,חוזה,12.1,8
עוז בדראן,ניהול,113592,34,1.19,תואר שני,זכר,41,באר שבע,פרילנס,8.5,3
נויה אברהם,פיננסים,230929,11,3.61,תואר שני,זכר,56,נתניה,חלקית,7.1,7
סארה דוד,שירות לקוחות,146545,15,2.7,תואר שני,זכר,59,ירושלים,מלאה,7.1,4
איילה ח'ורי,משאבי אנוש,177525,31,3.77,תואר ראשון,נקבה,50,חיפה,פרילנס,11.4,7
נבו אלבז,שירות לקוחות,128649,24,2.12,תואר ראשון,זכר,25,תל אביב,חוזה,13.7,2
מיכאל אנגל,פיתוח,148118,31,1.16,הנדסאי,זכר,42,באר שבע,פרילנס,14.8,3
איילת יוסף,פיננסים,221498,29,4.91,הנדסאי,זכר,41,ירושלים,חלקית,13,9
דניאל יונה,ניהול,154712,19,3.4,תואר שני,זכר,64,רמת גן,חלקית,2.8,6
מריה לוי,פיננסים,126211,37,3.04,הנדסאי,זכר,45,נתניה,מלאה,5.6,4
יצחק סימן טוב,מכירות,224200,25,3.62,ללא תואר,נקבה,41,פתח תקווה,חוזה,9.4,6
אורי ליאם קפלן,תפעול,124717,10,3.03,תואר ראשון,זכר,49,אשדוד,פרילנס,1.5,2
אלינור כהן,פיננסים,247608,25,4.2,ללא תואר,נקבה,47,ירושלים,מלאה,9.4,8
לנא עיסא,שירות לקוחות,165654,11,1.42,תואר ראשון,נקבה,58,תל אביב,פרילנס,14.7,7
רות מיכאלי,משאבי אנוש,196829,14,1.98,תואר ראשון,זכר,43,פתח תקווה,חוזה,3.4,3
ליאל קליין,תפעול,229070,11,3.94,הנדסאי,נקבה,30,תל אביב,מלאה,1.4,6
מאיה לוי,שיווק,245317,26,4.69,הנדסאי,זכר,58,רמת גן,חלקית,2.8,7
פאטמה שחר,שירות לקוחות,170959,33,1.2,ללא תואר,זכר,33,רמת גן,חוזה,2.8,9
אריאל ג'בארין,מכירות,180032,27,3.63,תואר שני,נקבה,33,אשדוד,חלקית,6.7,9
נועה ליברמן,ניהול,228547,13,2.96,תואר ראשון,נקבה,42,נתניה,חלקית,6.9,4
מעיין גרוסמן,פיתוח,155292,14,1.13,תואר שני,זכר,40,ירושלים,מלאה,0.6,2
עומר שטיין,שירות לקוחות,223951,20,2.33,תואר שני,נקבה,34,אשדוד,פרילנס,6.1,6
מוחמד טל,שיווק,231833,23,3.95,ללא תואר,זכר,39,באר שבע,פרילנס,1.5,9
עוז איתן מנצור,פיתוח,234169,34,3.98,תואר ראשון,זכר,44,נתניה,חוזה,10.4,1
אלמה אליהו,פיתוח,138062,16,2.81,תואר שני,זכר,47,אשדוד,חלקית,14,6
אבראהים קוגן,שיווק,187285,32,1.38,תואר שני,נקבה,55,אשדוד,חלקית,4,4
נעמה איפרגן,שיווק,249646,26,4.49,הנדסאי,זכר,62,ירושלים,מלאה,6.3,8
אמונה ח'ליל,שיווק,224085,39,3.38,תואר ראשון,נקבה,35,נתניה,פרילנס,7.1,6
אורי תורג'מן,משאבי אנוש,103256,12,1.56,ללא תואר,זכר,22,חיפה,חוזה,11.5,5
נגה לוין,ניהול,216494,27,4.8,הנדסאי,נקבה,38,נתניה,פרילנס,13.1,5
איתי וקנין,מכירות,159517,29,4.01,תואר ראשון,נקבה,26,תל אביב,חוזה,4,7
מתנאל איפרגן,שיווק,134951,11,1.5,ללא תואר,זכר,54,חיפה,מלאה,9,3
שגיא אוזן,ניהול,236380,11,2.57,הנדסאי,נקבה,22,פתח תקווה,פרילנס,2.6,4
רפאל בדיר,פיתוח,154873,34,2.81,תואר ראשון,נקבה,53,תל אביב,חוזה,4.9,7
שמואל זועבי,תפעול,132885,12,1.29,ללא תואר,נקבה,35,באר שבע,פרילנס,9.3,2
אדם אברהם,שיווק,169070,29,1.03,הנדסאי,נקבה,64,באר שבע,פרילנס,2.4,5
אלכס גליק,פיננסים,106297,11,2.42,הנדסאי,זכר,25,רמת גן,חלקית,12.2,8
רפיף בר,שיווק,174028,14,4.34,הנדסאי,נקבה,33,באר שבע,מלאה,3.5,7
אביהו אבו כף,פיננסים,205684,40,2.43,תואר ראשון,נקבה,27,ירושלים,חלקית,5.4,1
עידו רחמים,ניהול,236948,19,3.69,תואר ראשון,זכר,37,באר שבע,פרילנס,6,3
ישי מלכה,פיננסים,156196,34,4.05,הנדסאי,נקבה,29,פתח תקווה,חלקית,13.8,3
רות גלעד-כהן,פיתוח,125384,21,2.06,תואר ראשון,זכר,25,באר שבע,פרילנס,11.4,5
דריה טאהא,שיווק,106002,18,3.46,הנדסאי,זכר,51,חיפה,מלאה,11,7
איתמר משיח,ניהול,137704,22,2.13,תואר ראשון,זכר,33,באר שבע,מלאה,3.3,5
יהושע פלדמן,שיווק,232032,29,4.49,הנדסאי,זכר,33,חיפה,חוזה,1.3,7
משה גורן,פיננסים,103407,10,3.57,ללא תואר,נקבה,37,חיפה,פרילנס,12.6,4
אלון כהן,פיתוח,210807,21,4.54,תואר ראשון,נקבה,63,באר שבע,מלאה,8.6,3
רונה גבאי,תפעול,113594,34,1.91,תואר ראשון,זכר,24,רמת גן,פרילנס,1.5,10
אופיר אחמד,פיתוח,154901,25,2.48,תואר שני,נקבה,36,באר שבע,פרילנס,1.8,3
יקיר מלמד,שירות לקוחות,136652,34,2.15,הנדסאי,נקבה,38,חיפה,מלאה,13.2,4
איתמר דוידוב,משאבי אנוש,196289,25,3.7,הנדסאי,זכר,56,באר שבע,חוזה,10.9,9
שני מחאמיד,ניהול,205314,35,1.83,הנדסאי,נקבה,45,אשדוד,חוזה,8.3,7
תום פרידמן,שירות לקוחות,116595,28,2.98,תואר שני,זכר,30,נתניה,מלאה,10.9,7
יותם פרקש,תפעול,154611,29,3.68,הנדסאי,נקבה,42,חיפה,מלאה,3.2,6
אור פרץ,פיתוח,206096,13,4.78,תואר שני,נקבה,60,נתניה,חוזה,15,7
שירה דבורה לוי,ניהול,199801,32,1.58,ללא תואר,נקבה,32,תל אביב,חלקית,13,8
שי-לי דבש,מכירות,94914,39,4.31,תואר שני,נקבה,26,אשדוד,חוזה,5.7,4
אהרון וינברג,משאבי אנוש,155258,12,4.21,תואר שני,זכר,36,תל אביב,פרילנס,13.7,3
עופרי שרה עאסלה,ניהול,190057,35,1.44,ללא תואר,זכר,45,באר שבע,פרילנס,12.5,5
יוסף גרוס,מכירות,141897,10,1.49,תואר שני,נקבה,43,אשדוד,פרילנס,6.3,10
בן מחאמיד,מכירות,213121,28,3.36,ללא תואר,נקבה,58,נתניה,פרילנס,10.7,1
כרמל מנשה,פיננסים,229511,30,4.86,הנדסאי,נקבה,33,חיפה,פרילנס,12,9
שמואל אלוש,מכירות,229335,21,2.02,תואר ראשון,נקבה,22,אשדוד,חוזה,2.6,1
אורי רון,שיווק,105682,15,4.74,ללא תואר,נקבה,29,אשדוד,חוזה,12.9,9
לין אברמוב,פיתוח,100307,17,4.43,תואר ראשון,זכר,22,ירושלים,חלקית,7.8,8
אריאל ישראל,תפעול,191899,34,2.12,תואר שני,נקבה,64,באר שבע,מלאה,10.2,6
מאיה יוסופוב,שיווק,220968,37,3.81,תואר ראשון,נקבה,41,באר שבע,חלקית,3.8,4
ליה יחזקאל,תפעול,213964,30,4.77,ללא תואר,נקבה,24,אשדוד,חוזה,7.5,9
יואב ביטון,שיווק,247011,18,1.48,הנדסאי,נקבה,33,חיפה,חלקית,8.5,7
טוהר פלג,שיווק,210541,19,1.16,תואר ראשון,זכר,36,אשדוד,מלאה,0.5,8
יאיר עמר,שירות לקוחות,200273,24,4.37,תואר שני,נקבה,61,תל אביב,פרילנס,5.6,8
לאה מוסא,משאבי אנוש,193224,11,3.72,תואר שני,נקבה,56,פתח תקווה,חוזה,11.1,7
עידו שרעבי,שיווק,122700,11,4.66,ללא תואר,נקבה,54,אשדוד,חלקית,10.8,10
ליה לוי,פיננסים,113125,13,3.27,הנדסאי,זכר,35,ירושלים,מלאה,14.5,5
יהודית אזולאי,ניהול,169213,32,2.02,הנדסאי,זכר,51,אשדוד,חלקית,13.9,1
אביאל דרורי,ניהול,186290,28,1.12,תואר ראשון,זכר,50,ירושלים,פרילנס,2,2
אמילי ניר,שיווק,218084,36,1.88,ללא תואר,נקבה,26,חיפה,חלקית,14.3,3
יצחק מועלם,פיתוח,127835,16,1.93,תואר שני,נקבה,37,פתח תקווה,חלקית,2,2
נועם יפרח,ניהול,181131,40,1.83,תואר שני,נקבה,46,רמת גן,מלאה,12.4,4
חנה הלל-כץ,פיננסים,244324,29,4.19,ללא תואר,זכר,63,רמת גן,חלקית,14,2
חנה פרץ,פיתוח,147229,11,1.37,תואר שני,נקבה,44,תל אביב,מלאה,14.1,6
שרה רוני יונס,משאבי אנוש,195020,29,4,ללא תואר,נקבה,33,תל אביב,חלקית,11.8,3
גאיה ישראל,שירות לקוחות,158686,16,4.74,הנדסאי,זכר,50,רמת גן,חלקית,4.9,5
ליאם שטרית,מכירות,164671,23,1.69,תואר שני,נקבה,28,נתניה,חלקית,3.3,1
ביסאן שגיא,שירות לקוחות,93892,23,2.13,תואר שני,זכר,39,נתניה,מלאה,2.3,5
הראל שורץ-מלמד,שיווק,189508,32,2.77,ללא תואר,נקבה,36,תל אביב,מלאה,3.4,10
שלום עאזם,שירות לקוחות,108707,37,2.22,תואר שני,זכר,63,תל אביב,פרילנס,6.9,1
הלל סבן,משאבי אנוש,137064,14,1.7,תואר שני,זכר,38,באר שבע,פרילנס,10,6
דורין אלון,שיווק,100591,20,3.26,תואר ראשון,זכר,59,ירושלים,חוזה,2,1
אדל כהן,תפעול,172666,15,3.63,ללא תואר,נקבה,61,נתניה,חלקית,7.7,6
אדל חיון,שירות לקוחות,226504,33,3.6,תואר שני,נקבה,57,תל אביב,פרילנס,14.2,6
שגיא עואודה,שירות לקוחות,226254,34,3.87,תואר ראשון,זכר,48,חיפה,מלאה,4.6,5
תיא כהן,מכירות,165057,25,2.6,תואר ראשון,זכר,46,ירושלים,חוזה,8.8,2
אדל לב,תפעול,155209,27,4.27,תואר ראשון,זכר,63,רמת גן,חוזה,13,4
נאיא חוג'יראת,מכירות,189699,39,1.28,ללא תואר,זכר,24,באר שבע,חוזה,9,10
אורי שאול,שירות לקוחות,151207,17,4.82,תואר ראשון,זכר,40,פתח תקווה,פרילנס,11.4,9
רומי מויאל,תפעול,119876,34,3.31,תואר ראשון,זכר,49,חיפה,חלקית,8.6,7
נועם שוקרון,שירות לקוחות,120069,12,3.61,תואר שני,נקבה,64,פתח תקווה,חוזה,1.8,4
אריאל שפירא,שיווק,246734,37,3.68,ללא תואר,נקבה,60,פתח תקווה,חוזה,4.5,1
יונתן כהן,פיתוח,164202,14,3.65,הנדסאי,נקבה,48,רמת גן,פרילנס,7.6,7
איתמר מושקוביץ,פיתוח,135181,37,2.48,ללא תואר,נקבה,34,נתניה,מלאה,5.2,1
ליאן פישר,משאבי אנוש,153452,18,3.54,תואר ראשון,נקבה,63,חיפה,פרילנס,0.9,4
רוני אברמוב,מכירות,194307,18,1.5,הנדסאי,נקבה,26,חיפה,מלאה,8.1,5
כרם קדוש,פיננסים,198732,17,4.25,הנדסאי,נקבה,42,פתח תקווה,חוזה,9.5,8
מעיין פרץ,ניהול,215577,15,1.86,תואר ראשון,נקבה,33,ירושלים,מלאה,9.8,3
ליבא שטרן,פיננסים,122958,10,3.74,תואר שני,נקבה,46,חיפה,מלאה,9.5,3
רפיף גורדון,מכירות,181931,35,3.94,ללא תואר,נקבה,25,רמת גן,פרילנס,3.1,6
עידן שטיינברג-חביבאללה,פיננסים,218456,37,2.97,ללא תואר,זכר,62,נתניה,מלאה,8.9,7
ליה דהן-אוזן,שירות לקוחות,195269,21,1.13,תואר שני,נקבה,24,רמת גן,פרילנס,6.8,4
רימא ג'בארין,משאבי אנוש,155739,23,2.6,תואר ראשון,זכר,29,תל אביב,חלקית,9.3,9
תהילה ח'טיב,פיננסים,109805,27,2.03,ללא תואר,זכר,50,רמת גן,פרילנס,6.4,5
אשר רביבו,תפעול,125356,35,4.07,ללא תואר,זכר,64,פתח תקווה,חוזה,5.2,6
בניה קליין,פיננסים,127112,40,4.08,תואר שני,זכר,54,פתח תקווה,מלאה,4.8,9
עדן מסארוה,מכירות,177490,26,4.8,ללא תואר,זכר,54,ירושלים,פרילנס,5.9,10
שני רביבו,מכירות,119872,12,2.09,הנדסאי,זכר,46,נתניה,חלקית,12.7,2
יעל לוי,תפעול,239979,13,3.03,תואר ראשון,זכר,63,חיפה,חוזה,4.2,8
נתנאל דניאל,תפעול,153326,35,3.63,ללא תואר,זכר,23,ירושלים,חלקית,14.4,1
אימרי מזרחי,שיווק,247080,21,1.9,הנדסאי,נקבה,24,חיפה,מלאה,0.9,8
אריאל שטרן,מכירות,115575,11,3.46,ללא תואר,זכר,25,פתח תקווה,מלאה,4,7
אבינועם אלפסי,תפעול,97835,14,3.87,תואר ראשון,נקבה,50,באר שבע,חוזה,7.8,4
יובל עוז,מכירות,211628,40,3.96,הנדסאי,נקבה,33,רמת גן,חלקית,7,2
אדל עמר-פישמן,שירות לקוחות,99066,23,3.41,תואר שני,זכר,59,תל אביב,חלקית,10.1,5
אורי יצחקי,תפעול,247734,25,1.74,הנדסאי,נקבה,26,תל אביב,חוזה,12,10
חיה אסרף,שיווק,167543,21,4.06,תואר שני,זכר,42,באר שבע,חלקית,13.5,2
איתי טל,מכירות,225431,26,4.56,תואר שני,זכר,46,פתח תקווה,מלאה,13.7,4
יהב מוראד,שיווק,147465,13,2.01,ללא תואר,זכר,38,אשדוד,חוזה,10.6,1
נתנאל סרסור,פיתוח,226023,21,4.58,תואר שני,נקבה,26,פתח תקווה,מלאה,7.5,4
אוריה בן דוד-כהן,שירות לקוחות,238932,19,3.99,תואר שני,זכר,29,אשדוד,חוזה,5.3,6
מרים זידאן,מכירות,129849,39,4.77,הנדסאי,זכר,54,נתניה,מלאה,1.9,8
דוד מזרחי,פיתוח,127502,39,4.37,תואר שני,נקבה,55,חיפה,מלאה,13.1,10
מוחמד ברנשטיין,משאבי אנוש,93146,22,1.37,הנדסאי,זכר,47,באר שבע,חוזה,12.2,7
מילא מועלם,משאבי אנוש,91169,39,2.31,תואר ראשון,זכר,60,ירושלים,פרילנס,0.7,1
חנה עובדיה,פיננסים,136855,37,4.41,הנדסאי,נקבה,49,פתח תקווה,חלקית,15,3
ינון ביטון,תפעול,233593,20,2.99,תואר שני,נקבה,31,נתניה,חלקית,14.9,2
נטלי לוי,מכירות,117529,19,3.77,תואר שני,זכר,54,חיפה,פרילנס,4,7
דוד אבו כף-יעקובוב,פיתוח,144471,30,3.92,תואר שני,נקבה,39,נתניה,פרילנס,10.6,2
רונה בר,פיננסים,217477,28,3.76,תואר ראשון,זכר,63,ירושלים,פרילנס,8.9,3
רהף שם טוב,ניהול,173395,37,1.22,תואר ראשון,זכר,60,פתח תקווה,חלקית,14,8
נהוראי ליבוביץ,תפעול,143718,40,1.41,ללא תואר,נקבה,49,פתח תקווה,חוזה,3.2,1
יובל מאיר,פיתוח,97502,32,3.9,תואר ראשון,זכר,57,באר שבע,חוזה,1.7,6
נבו ראובן,תפעול,126073,32,2.36,הנדסאי,נקבה,28,תל אביב,פרילנס,5,5
מאור לוין,שירות לקוחות,246997,17,2.38,ללא תואר,זכר,25,פתח תקווה,מלאה,9.7,5
נעמי זועבי,משאבי אנוש,219165,30,2.94,ללא תואר,נקבה,33,רמת גן,חוזה,8.9,3
לני פורת,מכירות,112457,39,1.73,תואר שני,זכר,41,פתח תקווה,חלקית,8.9,6
מילה אבו רמילה,תפעול,105971,18,4.08,תואר ראשון,זכר,39,נתניה,חוזה,14.3,4
עבד כהן,שיווק,222565,19,3.36,ללא תואר,זכר,28,אשדוד,חוזה,12.5,3
ברק עאמר,פיננסים,153242,36,3.56,ללא תואר,זכר,30,רמת גן,מלאה,4.8,6
שון בדראן,פיתוח,90086,37,1.52,תואר ראשון,זכר,53,חיפה,חוזה,1.2,9
עלמה גבאי,פיתוח,113156,14,4.35,תואר ראשון,נקבה,61,פתח תקווה,חלקית,9.5,8
איתמר שי,שיווק,148472,25,2.48,תואר שני,זכר,53,רמת גן,מלאה,11.8,6
גלי אברהם,משאבי אנוש,207162,26,2.04,הנדסאי,זכר,33,ירושלים,חלקית,2.6,3
אליה ח'ליל,פיתוח,178543,37,1.6,תואר ראשון,זכר,64,אשדוד,מלאה,9.2,5
יזן שוקרון,ניהול,127263,23,3.23,תואר שני,זכר,39,תל אביב,חוזה,2.4,10
איליי סאלם,מכירות,159417,12,1.02,הנדסאי,נקבה,56,פתח תקווה,פרילנס,13.1,5
תמר בן דוד,מכירות,129338,24,4.68,הנדסאי,נקבה,43,ירושלים,חלקית,3.2,4
רפאל רז,משאבי אנוש,144893,22,1.91,תואר ראשון,זכר,31,נתניה,חוזה,5.3,7
עופרי לב-צור,שירות לקוחות,207221,34,4.8,הנדסאי,נקבה,59,נתניה,חלקית,4.7,4
תהל עיסא,ניהול,134200,23,4.48,תואר שני,נקבה,44,אשדוד,מלאה,6.7,6
איתן פרידמן,שיווק,143700,27,4.94,תואר שני,זכר,53,ירושלים,חלקית,4.8,4
תהל עווד,פיננסים,243811,23,3.77,ללא תואר,זכר,40,רמת גן,חוזה,13.4,8
טל נאסר,פיננסים,150166,28,3.81,ללא תואר,זכר,30,נתניה,מלאה,3.6,2
אריאל מאור,שירות לקוחות,184839,36,2.94,תואר ראשון,נקבה,58,ירושלים,חוזה,5.1,8
לורן פרידמן,מכירות,230636,13,1.22,ללא תואר,זכר,22,תל אביב,חלקית,3,4
אביב סיני,ניהול,200828,23,1.6,תואר שני,נקבה,47,פתח תקווה,חלקית,13.3,10
גיא ברגר,תפעול,209082,30,4.76,ללא תואר,נקבה,61,נתניה,חלקית,10,6
נחמן דמרי,שירות לקוחות,141366,33,4.7,תואר שני,זכר,29,תל אביב,פרילנס,3.1,7
נועם רון,מכירות,122347,18,1.94,תואר שני,נקבה,39,חיפה,פרילנס,9.3,6
אדר יוסף,פיננסים,246793,16,2.78,תואר שני,זכר,55,אשדוד,מלאה,13.5,5
תמר לוי,פיננסים,246273,29,2.31,תואר שני,זכר,42,נתניה,חוזה,3,3
ירדן סעיד,מכירות,240442,31,1.83,הנדסאי,נקבה,55,תל אביב,מלאה,7.3,7
תאלין יחזקאל,שיווק,111314,26,4.84,הנדסאי,זכר,46,אשדוד,מלאה,12.3,7
רחל מרדכי,שיווק,214164,29,2.83,הנדסאי,זכר,39,נתניה,חוזה,12.2,6
מוחמד אבראהים,פיתוח,230645,21,4.2,הנדסאי,נקבה,38,נתניה,חלקית,10.2,1
בן ארליך,פיתוח,130061,32,4.86,ללא תואר,זכר,23,נתניה,חוזה,7.1,10
לילי אורן-ביטון,ניהול,239406,35,4.36,תואר ראשון,זכר,35,נתניה,חלקית,12.2,2
שרה בת שבע מסיקה,תפעול,121768,16,2.86,תואר שני,נקבה,37,נתניה,חוזה,14.8,2
אמל סיני,משאבי אנוש,247602,19,1.83,ללא תואר,זכר,42,נתניה,חלקית,14,1
אליהו יאסין,תפעול,187080,34,3.15,תואר ראשון,זכר,27,נתניה,חלקית,8.2,3
איתן קינן-בשארה,שירות לקוחות,177351,11,2.75,תואר ראשון,זכר,27,באר שבע,מלאה,5.6,6
תאיר פרידמן,מכירות,169904,13,3.31,תואר ראשון,נקבה,64,תל אביב,מלאה,3,9
יובל לוי,ניהול,202592,22,4.38,ללא תואר,נקבה,63,אשדוד,חוזה,4.2,3
איליי דקל,מכירות,192046,33,3.24,הנדסאי,נקבה,23,ירושלים,מלאה,4.3,2
זוהר אמארה,מכירות,246816,10,2.03,תואר ראשון,זכר,50,רמת גן,חוזה,10.1,4
חיה שחר,שיווק,175192,37,2.66,ללא תואר,נקבה,50,תל אביב,חלקית,9,5
עומר אמסלם,שירות לקוחות,158691,25,4.17,תואר שני,נקבה,49,רמת גן,מלאה,13.3,4
ישי אלוני,משאבי אנוש,153949,26,4.5,תואר שני,זכר,48,באר שבע,פרילנס,6.7,7
אליאל רוטמן,תפעול,198877,40,3.42,הנדסאי,זכר,39,אשדוד,חלקית,13.9,8
הדר פרץ,פיתוח,104425,27,1.15,תואר ראשון,זכר,24,באר שבע,חוזה,6.6,5
ירדן לוי,משאבי אנוש,219297,20,1.47,ללא תואר,נקבה,40,רמת גן,חוזה,11.3,5
למאר מרדכי,שיווק,248489,21,2.47,תואר שני,נקבה,53,נתניה,מלאה,10,3
אלעזר יעקובוב,ניהול,90983,39,2.85,תואר ראשון,זכר,61,נתניה,חלקית,13.1,9
אלישע דביר-שורץ,ניהול,239630,33,4.73,ללא תואר,זכר,63,פתח תקווה,פרילנס,14.7,4
מאיר ווקנין,שיווק,110514,23,2.33,הנדסאי,נקבה,27,ירושלים,חלקית,2.2,7
דניאל מלמד,משאבי אנוש,210050,13,4.41,תואר שני,זכר,52,רמת גן,פרילנס,3.7,6
סאלח בכר,פיננסים,204508,38,1.29,תואר שני,נקבה,64,פתח תקווה,חוזה,6.9,2
איתן פנחס,ניהול,95741,37,2.88,תואר שני,נקבה,34,תל אביב,פרילנס,12.5,5
ענבל גל,מכירות,130382,28,1.71,תואר ראשון,זכר,36,נתניה,מלאה,12.8,9
דוד ארליך,מכירות,121191,40,1.45,הנדסאי,זכר,23,חיפה,חלקית,2,9
כרמל לוי,שירות לקוחות,233902,18,3.44,ללא תואר,זכר,63,באר שבע,חלקית,14.6,2
נועם מחאג'נה,פיננסים,185553,23,1.98,תואר שני,זכר,50,באר שבע,חוזה,10.3,3
ארבל כהן-אביטן,שירות לקוחות,163127,36,3.31,הנדסאי,נקבה,59,אשדוד,מלאה,9.6,10
עבד מור,ניהול,110952,30,1.95,הנדסאי,נקבה,24,באר שבע,חוזה,13.9,1
הדר סבג,ניהול,174410,21,2.62,הנדסאי,נקבה,42,פתח תקווה,חוזה,2.2,8
דוד עומר-בר,שיווק,235103,34,2,תואר שני,נקבה,52,אשדוד,חוזה,11.1,7
אביב בוחבוט,תפעול,222958,26,3.43,תואר שני,נקבה,60,באר שבע,מלאה,9.3,4
נתן הרוש,שיווק,166960,29,3.9,תואר ראשון,זכר,50,תל אביב,חוזה,7.9,6
הדסה לוי,ניהול,118035,27,1.44,תואר ראשון,נקבה,58,אשדוד,פרילנס,7.6,5
אסיל עמאש,שירות לקוחות,154765,15,2.96,ללא תואר,זכר,28,חיפה,חוזה,0.8,8
אסתר הרשקוביץ,תפעול,118616,26,1.51,הנדסאי,נקבה,61,אשדוד,חלקית,11.2,9
לילך מחאג'נה,שירות לקוחות,174051,15,3.02,ללא תואר,זכר,62,רמת גן,פרילנס,8.2,7
שקד עזרא,ניהול,121937,31,3.94,ללא תואר,זכר,42,נתניה,חוזה,2.2,6
גוד שריקי,משאבי אנוש,166489,40,4.4,תואר ראשון,זכר,42,רמת גן,מלאה,12,6
אלעד נחמיאס,שיווק,235924,21,4.86,תואר ראשון,זכר,24,ירושלים,מלאה,1.8,8
מאיה מלכה,שירות לקוחות,214447,11,1.46,ללא תואר,זכר,61,חיפה,פרילנס,5.4,5
אפרת כהן-ח'ורי,שיווק,114417,35,4.29,הנדסאי,נקבה,63,באר שבע,חוזה,6.9,3
מוחמד צרפתי,תפעול,172163,17,1.16,תואר שני,זכר,23,תל אביב,חוזה,9.8,1
אלון שרביט,שירות לקוחות,193785,37,1.54,תואר ראשון,זכר,34,פתח תקווה,חוזה,5.4,1
אושרי משיח,פיננסים,224143,11,4.04,תואר שני,נקבה,57,רמת גן,מלאה,2.9,1
אריאל וקנין,שיווק,195042,10,3.04,ללא תואר,נקבה,40,ירושלים,חוזה,5,7
מוחמד עידו גרבאן,פיננסים,247636,21,4.87,תואר שני,נקבה,47,חיפה,פרילנס,0.8,2
יוסף כהן,תפעול,219370,15,4.3,הנדסאי,נקבה,25,באר שבע,פרילנס,1.4,3
דוד כץ,פיננסים,179046,11,4.3,תואר שני,זכר,43,נתניה,פרילנס,12.4,10
רים מוזס,תפעול,105467,18,4.21,הנדסאי,נקבה,49,אשדוד,פרילנס,7.2,9
חיים גמליאל,תפעול,127803,25,4.94,תואר שני,נקבה,61,תל אביב,חוזה,8.5,10
רבקה דיין,פיננסים,98780,40,1.01,ללא תואר,זכר,29,חיפה,חוזה,7.9,4
אלין אסולין,שיווק,136284,13,2.79,ללא תואר,זכר,25,ירושלים,פרילנס,14.2,7
שיר כהן,ניהול,118431,38,2.32,תואר ראשון,זכר,36,חיפה,חלקית,4.5,8
מוחמד לביא,שירות לקוחות,209358,12,4.92,תואר ראשון,זכר,29,באר שבע,מלאה,14.2,9
גאיה אהרן,מכירות,135608,16,4.45,הנדסאי,נקבה,24,פתח תקווה,מלאה,10.5,7
עומרי לוי,פיננסים,161950,33,4.64,הנדסאי,זכר,27,פתח תקווה,חלקית,13.7,7
אלישבע סלע,פיתוח,226480,21,3.42,הנדסאי,זכר,64,פתח תקווה,חוזה,12.4,2
בר הירש,פיתוח,180074,19,3.04,הנדסאי,זכר,48,חיפה,פרילנס,8.9,9
ינאי שוקרון,שיווק,235417,11,1.93,ללא תואר,זכר,29,אשדוד,פרילנס,6.5,4
עתי יוסופוב,שיווק,165884,25,4.22,ללא תואר,זכר,47,רמת גן,חוזה,10.3,6
אופיר כהן,משאבי אנוש,140617,33,4.3,הנדסאי,זכר,56,ירושלים,מלאה,7.8,7
סארה אשכנזי,שיווק,194374,20,3.83,תואר שני,זכר,41,תל אביב,פרילנס,1.4,3
איתמר מרדכי,פיננסים,166358,16,4.69,הנדסאי,נקבה,22,חיפה,מלאה,9.8,2
אדל שרה טל,מכירות,240844,25,4.25,תואר ראשון,זכר,40,ירושלים,חלקית,13,1
אור נחמיאס,תפעול,227799,33,2.78,הנדסאי,נקבה,27,נתניה,מלאה,2.2,8
זיו כץ,משאבי אנוש,163111,29,1.12,תואר שני,זכר,65,ירושלים,מלאה,1,1
חיים כהן,משאבי אנוש,175614,31,4.57,תואר שני,נקבה,45,רמת גן,חוזה,6.2,3
בת שבע ישראלי,פיתוח,155614,16,4.38,ללא תואר,נקבה,30,ירושלים,חוזה,14.9,3
מאיה אסרף,פיננסים,127522,19,4.4,ללא תואר,נקבה,63,אשדוד,חלקית,5.4,3
מוסטפא כהן,פיתוח,232049,27,1.76,ללא תואר,נקבה,46,נתניה,מלאה,14.4,2
מאיה חיון,שיווק,123658,15,1.77,תואר ראשון,נקבה,28,ירושלים,חוזה,6.3,5
סופיה עמירה-חיים,תפעול,207914,31,4.17,הנדסאי,זכר,53,אשדוד,מלאה,6.8,7
איילה לוי,תפעול,144589,20,1.43,תואר שני,זכר,58,ירושלים,חלקית,9.3,5
ירדן גבארה,ניהול,186610,10,2.79,תואר שני,נקבה,54,באר שבע,חוזה,12.5,3
רני שטיין,ניהול,249917,16,2.92,הנדסאי,נקבה,60,פתח תקווה,פרילנס,14.2,9
יעל אילוז,תפעול,160495,22,1.2,ללא תואר,זכר,50,חיפה,פרילנס,7.6,5
ניתאי גבארה,ניהול,175258,13,4.17,תואר ראשון,זכר,27,רמת גן,פרילנס,5.1,8
לינוי יעקב-כרמי,שירות לקוחות,182748,20,4.31,ללא תואר,זכר,57,ירושלים,חוזה,0.6,4
טליה כהן,מכירות,245927,25,2,תואר ראשון,זכר,37,ירושלים,חלקית,6.3,4
תום אשכנזי,שיווק,237096,39,3.46,ללא תואר,נקבה,32,חיפה,חוזה,14,8
שירה כהן,מכירות,166463,32,3.09,תואר שני,נקבה,54,רמת גן,פרילנס,14,4
אחיה אליאס,פיתוח,195085,17,1.02,הנדסאי,נקבה,64,אשדוד,חוזה,2.2,3
משי צרפתי,תפעול,207364,31,4.72,ללא תואר,נקבה,30,ירושלים,חוזה,9.8,8
גאיה גבאי,פיננסים,194734,22,4.47,הנדסאי,נקבה,27,אשדוד,פרילנס,2.1,2
הראל ח'טיב,ניהול,163035,33,2.13,תואר שני,נקבה,28,באר שבע,פרילנס,1.3,7
חנה מסארווה,שיווק,115822,17,1.92,תואר ראשון,זכר,51,ירושלים,חלקית,7.4,6
עדי עיסא,פיננסים,219933,20,4.03,הנדסאי,נקבה,30,נתניה,חוזה,3,2
אבישג אבו כף,שיווק,150106,20,3.89,הנדסאי,נקבה,30,חיפה,חלקית,3.5,7
אדם כהנא,משאבי אנוש,238564,12,2.92,תואר שני,זכר,39,חיפה,מלאה,8.2,2
אלין משה,שיווק,224627,19,3.54,ללא תואר,זכר,27,אשדוד,מלאה,8.9,1
אביגיל עודה,תפעול,98491,28,3.45,הנדסאי,זכר,26,ירושלים,פרילנס,4.1,2
רפיף יחזקאל,פיתוח,175278,27,3.61,תואר ראשון,נקבה,57,ירושלים,חוזה,1.9,2
שחר עליאן,משאבי אנוש,99047,40,1.91,תואר שני,נקבה,57,נתניה,פרילנס,8.2,7
יאיר בוחבוט,ניהול,200061,14,1.44,תואר שני,נקבה,31,אשדוד,חוזה,2.3,8
משה חוסין,שיווק,119267,11,1.02,תואר ראשון,נקבה,51,פתח תקווה,חלקית,8.2,7
אושרי פרי,משאבי אנוש,146194,37,3.23,הנדסאי,זכר,40,ירושלים,פרילנס,1.4,9
יזן אוריאל לוי,שירות לקוחות,102300,39,1.09,תואר ראשון,זכר,50,אשדוד,מלאה,4.8,5
הראל גוטמן,תפעול,131212,39,2.48,הנדסאי,נקבה,45,נתניה,פרילנס,1,7
נגה לוי,פיתוח,179873,29,1.21,תואר שני,זכר,52,אשדוד,חוזה,5.3,1
שני מלמד,ניהול,169474,30,2.42,תואר שני,זכר,28,חיפה,חוזה,14.9,10
גילי מלכה,תפעול,234147,22,3.44,תואר ראשון,נקבה,45,באר שבע,חוזה,14.5,10
נאי ווקנין,פיננסים,165256,21,2.19,תואר ראשון,זכר,59,נתניה,מלאה,1.9,1
מתן פריד,תפעול,226921,28,1.65,תואר שני,נקבה,26,תל אביב,פרילנס,2.2,1
קוסאי נעים,פיתוח,234478,24,3.6,תואר ראשון,זכר,43,אשדוד,פרילנס,0.7,9
גילי מסרי,תפעול,177460,17,1.09,תואר שני,זכר,28,רמת גן,חלקית,13.8,6
עופרי ביטון,משאבי אנוש,185575,24,2.62,תואר ראשון,זכר,47,תל אביב,פרילנס,9.3,1
עופרי מסרי,ניהול,106977,16,3.37,תואר שני,זכר,47,חיפה,חלקית,13.9,7
ארבל רוזנפלד,מכירות,249715,10,4.17,הנדסאי,נקבה,36,חיפה,חוזה,7.2,5
דרור בן שושן,פיננסים,242486,23,1.67,תואר שני,זכר,49,פתח תקווה,חוזה,12.1,2
יעקב סלומון,משאבי אנוש,115001,40,4.75,ללא תואר,נקבה,55,רמת גן,חוזה,13.9,7
שיר לוין,מכירות,167695,20,3.56,הנדסאי,זכר,27,אשדוד,מלאה,13.5,5
יהלי דהן,שירות לקוחות,169191,15,4.23,תואר ראשון,נקבה,54,תל אביב,פרילנס,4.7,3
ירדן שרעבי,תפעול,219930,31,4.12,תואר שני,זכר,61,תל אביב,חוזה,7.5,4
יפה ליבוביץ,שירות לקוחות,231059,23,4.29,תואר שני,נקבה,61,רמת גן,חוזה,0.9,3
יהודית שחר,ניהול,188427,40,4.75,ללא תואר,זכר,65,פתח תקווה,חוזה,14.5,9
ישראל שוורץ,שיווק,224582,26,1.52,ללא תואר,נקבה,49,ירושלים,מלאה,8.9,1
אורי אלון,מכירות,139085,16,3.06,ללא תואר,זכר,61,נתניה,מלאה,12.2,6
יהונתן שלבי,ניהול,223597,34,2.07,תואר שני,נקבה,39,תל אביב,חוזה,1.9,7
מוסטפא לוי,ניהול,134687,18,1.14,תואר ראשון,נקבה,61,נתניה,חוזה,4.9,1
גיא דביר,פיננסים,224709,23,4.49,ללא תואר,זכר,28,אשדוד,פרילנס,2.7,7
איתי מלכה,פיתוח,246234,32,2.26,הנדסאי,זכר,24,רמת גן,מלאה,6.8,10
משה סופר,שיווק,222338,36,1.03,ללא תואר,זכר,37,אשדוד,חלקית,8.9,7
אדל כץ,תפעול,188637,30,1.06,תואר שני,זכר,45,באר שבע,מלאה,3.9,1
שלי קמחי,פיתוח,232501,37,4.5,הנדסאי,נקבה,28,פתח תקווה,מלאה,8.8,8
מיכאל הראל,פיננסים,133632,37,2.72,ללא תואר,זכר,49,פתח תקווה,מלאה,11.9,6
אושר אטרש,פיתוח,241394,23,1.64,הנדסאי,זכר,65,אשדוד,חוזה,8.3,10
גילי בוסקילה,פיננסים,217470,10,3.02,ללא תואר,נקבה,23,אשדוד,חוזה,2,5
נריה דקל,פיננסים,100360,13,1.33,תואר ראשון,נקבה,25,נתניה,חוזה,13.9,4
תמר גור-כהן,מכירות,218978,34,3.13,ללא תואר,זכר,24,באר שבע,פרילנס,3.8,6
יסכה חדאד,משאבי אנוש,101945,31,4.8,הנדסאי,נקבה,33,תל אביב,פרילנס,5.4,7
מוחמד מזרחי,ניהול,212061,20,4.54,הנדסאי,זכר,52,באר שבע,מלאה,7.6,1
לייה עליאן,שירות לקוחות,103082,21,4.85,תואר שני,זכר,51,חיפה,חלקית,12,8
הלל אוריה שרון,ניהול,240776,39,3.57,ללא תואר,זכר,64,חיפה,חלקית,11.9,5
הענא אבו אל היג'א,פיתוח,148966,23,3.29,הנדסאי,זכר,23,חיפה,חוזה,0.7,9
בן הירש,מכירות,163521,24,2.1,תואר ראשון,זכר,23,תל אביב,מלאה,2,10
שלמה אברהם,מכירות,190479,12,3.45,ללא תואר,נקבה,39,פתח תקווה,פרילנס,11.2,10
לוי אלקרינאוי,מכירות,226070,26,2.74,תואר שני,זכר,50,תל אביב,מלאה,5.3,6
עדן ביטון,מכירות,209151,14,3.47,תואר שני,זכר,62,באר שבע,מלאה,2.8,3
אדוה לוי,מכירות,181976,36,4.45,תואר ראשון,נקבה,64,באר שבע,חלקית,11.3,2
ענהאל זועבי,תפעול,230476,36,2.17,תואר שני,נקבה,40,חיפה,פרילנס,7.1,5
מלאק אמסלם,פיננסים,126601,19,4.36,ללא תואר,זכר,59,פתח תקווה,פרילנס,1.3,2
אביגיל סאלם-שלו,ניהול,123361,37,1.5,תואר ראשון,זכר,49,באר שבע,חוזה,14.8,6
אמילי רות עמר,משאבי אנוש,134540,21,2.95,ללא תואר,נקבה,56,אשדוד,פרילנס,7,7
איתי פרידמן,מכירות,116008,28,4.05,ללא תואר,נקבה,24,פתח תקווה,פרילנס,8.8,10
אביגיל יפת,ניהול,227891,25,2.44,הנדסאי,זכר,47,באר שבע,פרילנס,2.9,8
מוריה ברכה רוזן,שיווק,107166,12,3.56,ללא תואר,זכר,38,נתניה,פרילנס,8,8
חלא עבאסי,תפעול,157436,12,2.09,תואר שני,נקבה,53,באר שבע,מלאה,0.9,5
גיא לוי,ניהול,167102,10,3.88,הנדסאי,נקבה,61,רמת גן,פרילנס,7.3,3
אמיתי יאסין,פיננסים,153131,11,3.45,הנדסאי,זכר,52,באר שבע,מלאה,12.2,1
איילה שאהין-יפרח,משאבי אנוש,106555,17,1.62,ללא תואר,זכר,58,נתניה,מלאה,12.3,1
איתן אלקיים,שירות לקוחות,135794,33,1.12,תואר שני,זכר,41,באר שבע,חלקית,13.3,4
טוהר הדר,משאבי אנוש,152319,40,4.85,ללא תואר,זכר,30,פתח תקווה,חלקית,1.6,2
אורי עמירה,פיתוח,152030,30,3.73,תואר ראשון,זכר,44,חיפה,חוזה,8.5,2
מנחם טל,ניהול,181712,13,3.88,תואר שני,זכר,59,רמת גן,פרילנס,10.4,10
עידו אברהם,שירות לקוחות,212359,37,1.79,תואר שני,זכר,53,נתניה,מלאה,12.3,9
יהלי אטיאס,שירות לקוחות,218398,25,4.74,הנדסאי,נקבה,33,תל אביב,פרילנס,10.7,1
אדל אביב,פיתוח,168386,26,3.09,תואר ראשון,זכר,28,תל אביב,מלאה,7.1,8
